,precision,recall,f1-score,support
0,0.41079003842890655,0.33494750549361113,0.36901212705386566,24574.0
1,0.40874681714954236,0.5638408961458136,0.4739277877518452,21068.0
2,0.48452535760728216,0.44540455616653574,0.46414207922554007,29279.0
3,0.4688647678119644,0.44884565803351695,0.458636862588564,25599.0
accuracy,0.44410067648229207,0.44410067648229207,0.44410067648229207,0.44410067648229207
macro avg,0.4432317452494239,0.44825965395986933,0.4414297141549537,100520.0
weighted avg,0.44662872547414056,0.44410067648229207,0.44153477542406294,100520.0
