,precision,recall,f1-score,support
0,0.7104089358671615,0.9349348855564326,0.8073523460629166,20272.0
1,0.41164176793869495,0.43558030960766647,0.4232728430436167,12209.0
2,0.6845183587865182,0.6987817381340088,0.6915765127210326,33162.0
3,0.07878787878787878,0.28125,0.12309310889005787,416.0
4,0.8175422138836773,0.6069469835466179,0.6966774918810892,34461.0
accuracy,0.6812276163947473,0.6812276163947473,0.6812276163947473,0.6812276163947473
macro avg,0.5405798310527862,0.5914987833689451,0.5483944605197426,100520.0
weighted avg,0.6996939922101304,0.6812276163947473,0.6817335355747546,100520.0
